{
  "blogs": [
    {
      "userId": 1,
      "id": 4,
      "title": "eum et est occaecati",
      "body": "ullam et saepe reiciendis voluptatem adipisci\nsit amet autem assumenda provident rerum culpa\nquis hic commodi nesciunt rem tenetur doloremque ipsam iure\nquis sunt voluptatem rerum illo velit"
    },
    {
      "userId": 1,
      "id": 6,
      "title": "dolorem eum magni eos aperiam quia",
      "body": "ut aspernatur corporis harum nihil quis provident sequi\nmollitia nobis aliquid molestiae\nperspiciatis et ea nemo ab reprehenderit accusantium quas\nvoluptate dolores velit et doloremque molestiae"
    },
    {
      "userId": 2,
      "id": 11,
      "title": "et ea vero quia laudantium autem",
      "body": "delectus reiciendis molestiae occaecati non minima eveniet qui voluptatibus\naccusamus in eum beatae sit\nvel qui neque voluptates ut commodi qui incidunt\nut animi commodi"
    },
    {
      "userId": 2,
      "id": 12,
      "title": "in quibusdam tempore odit est dolorem",
      "body": "itaque id aut magnam\npraesentium quia et ea odit et ea voluptas et\nsapiente quia nihil amet occaecati quia id voluptatem\nincidunt ea est distinctio odio"
    },
    {
      "userId": "1",
      "title": "My first blog",
      "body": "Vue js is cool!",
      "id": 13
    },
    {
      "userId": "3",
      "title": "My second blog",
      "body": "Why is the page reloading?",
      "id": 14
    },
    {
      "userId": "3",
      "title": "My third title",
      "body": "Hope it helps!",
      "id": 15
    },
    {
      "userId": "1",
      "title": "My fourth",
      "body": "Should work as well!",
      "id": 16
    },
    {
      "userId": "1",
      "title": "sdf",
      "body": "fsd",
      "id": 17
    },
    {
      "userId": "3",
      "title": "fifth blog",
      "body": "check it out!",
      "id": 18
    }
  ]
}